"signal","domain","telemetry_source","rationale","mapped_ICICI_Lombard_products"
"Integration as a seller or buyer node on the ONDC network","Liability","Public business event / public disclosures","Subjects the startup to ONDC Issue and Grievance Management (IGM) and Online Dispute Resolution (ODR), creating multi-party accountability for product defects across a decentralized network.","ICICI Lombard Commercial General Liability (CGL) and Product Liability for third-party indemnifications arising from binding ODR settlements."
"Launching digital educational or interactive gaming modules targeting users under 18","Liability","Public business event / public disclosures","Triggers the highest protection tier of DPDP Rules 2025. Processing children's data without verifiable parental consent can create severe statutory penalty exposure, including penalties up to INR 200 crore per instance.","Cyber Liability with regulatory fines sub-limits, plus Directors and Officers (D&O) Liability for statutory defense costs."
"Publicly updating Terms of Service to include automated third-party AI or LLM decision-making","Liability","Public business event / public disclosures","Use of large language models for customer advisory introduces algorithmic bias and hallucination risks, which can lead to professional negligence claims if AI gives materially incorrect operational advice.","Errors and Omissions (E&O) / Professional Indemnity for technology services and automated advisory failures."
"Executing sublease agreements to monetize excess commercial real estate to unaffiliated micro-entities","Liability","Public business event / public disclosures","Converts the startup from a standard commercial tenant into a de facto commercial landlord, creating premises liability for bodily injury, fire spread, and damage caused by unvetted sub-tenants.","Commercial General Liability (CGL) with endorsements for sub-tenancy and extended premises liability."
"Appointing an external high-profile Data Protection Officer and announcing a compliance overhaul","Liability","Public business event / public disclosures","Publicly indicates a transition toward Significant Data Fiduciary obligations under the DPDP Act. The DPO mandate may expose historical data architecture breaches requiring regulatory response.","D&O Liability for the DPO and board, plus Cyber Liability."
"Pivoting from software-only SaaS to distributing white-labeled consumer hardware","Liability","Public business event / public disclosures","Moves the primary exposure from intangible software and data risk to bodily injury, property damage, product defect, and strict liability risks.","Product Liability, transitioning the account away from a purely technology E&O exposure profile."
"Initiating registration with the DPBI to operate as an authorized Consent Manager","Cyber and Financial Lines","Public business event / public disclosures","Enters a regulated intermediary class requiring net worth, audits, interoperability, and high uptime. Downtime or security failure can create multi-party data exposure.","Cyber Liability with higher capacity, plus E&O for systemic platform failures."
"Deploying checkout finance or BNPL through a regulated NBFC partner","Cyber and Financial Lines","Public business event / public disclosures","Can classify the startup as a Lending Service Provider under RBI digital lending guidelines. UI, consent, disclosure, or Key Fact Statement failures can compromise partner NBFC compliance.","E&O / Technology Professional Liability for non-compliant financial infrastructure."
"Publishing and open-sourcing proprietary internal API infrastructure to developer communities","Cyber and Financial Lines","Public business event / public disclosures","Expands digital attack surface. Vulnerabilities in open-source code can enable data exfiltration, DPDP violation notices, and reputational damage.","Cyber Liability for third-party breach response, forensics, and notification expenses."
"Migrating enterprise architecture from centralized on-premise servers to multi-cloud federated environments","Cyber and Financial Lines","Public business event / public disclosures","Data migration creates peak vulnerability. Misconfigured cloud access permissions are a common vector for major data breaches and mandatory breach reporting.","Cyber Liability with underwriting review of cloud security posture and incident response readiness."
"Mandating facial recognition or advanced biometric onboarding for application access","Cyber and Financial Lines","Public business event / public disclosures","Escalates the entity into highly sensitive personal data processing. Biometric breach creates irreversible privacy harm and higher regulatory sensitivity.","Cyber Liability with policy language addressing biometric data exposure and statutory penalty response."
"Announcing integration with TReDS platforms to discount MSME invoices as a supplier","Cyber and Financial Lines","Public business event / public disclosures","Indicates working-capital pressure and receivables monetization. Exposes the business to buyer default, counter-party failure, and factoring-chain risk.","Trade Credit Insurance against non-payment, insolvency, and protracted default."
"Retrofitting offices with captive lithium-ion battery banks for UPS or power backup","Property and Engineering","Public business event / public disclosures","Creates severe localized fire risk. Lithium-ion thermal runaway is difficult to suppress with standard office sprinkler systems and can endanger the entire building.","Fire and Burglary / SME Package with engineering warranties for Battery Management Systems (BMS)."
"Installing heavy liquid-immersion cooling infrastructure in standard server rooms","Property and Engineering","Public business event / public disclosures","Signals major compute-density scale-up, often for AI. Introduces liquid damage and short-circuit risks to high-value electronic equipment.","Electronic Equipment Insurance (EEI) and Commercial Property with bespoke coverage for leakage and short circuits."
"Commissioning high-voltage captive solar rooftops on leased operational assets","Property and Engineering","Public business event / public disclosures","Alters structural load and introduces installation-phase construction risk. Faulty high-voltage wiring can drive industrial fire exposure.","Erection All Risks (EAR) during installation, converting to Fire and Perils after commissioning."
"Procuring automated robotic sorting arms for micro-fulfillment centers","Property and Engineering","Public business event / public disclosures","High-capex machinery creates breakdown risk. Failure can halt fulfillment operations immediately and trigger business interruption losses.","Machinery Breakdown and Contractor's Plant and Machinery (CPM)."
"Leasing a recognized heritage building for a flagship retail experience center","Property and Engineering","Public business event / public disclosures","Heritage properties may lack modern fire compartmentalization, sprinkler systems, and structural resilience, creating asymmetric property risk.","Commercial Property Insurance with higher underwriting scrutiny and premium loading."
"Implementing dense server-rack deployments in standard office spaces without industrial HVAC","Property and Engineering","Public business event / public disclosures","High-density compute clusters in non-data-center environments can overheat, increasing electrical fire and cascading hardware failure risk.","Fire and Perils plus Electronic Equipment Insurance (EEI)."
"Mandating a non-negotiable five-day return-to-office policy after remote work","Employee Benefits","Public business event / public disclosures","Abrupt work-condition changes can trigger resignations, mental health claims, and constructive dismissal or discriminatory enforcement allegations.","D&O with Employment Practices Liability (EPLI) extensions, plus Group Health Insurance."
"Registering gig workers under the Karnataka Platform-Based Gig Workers Welfare Board","Employee Benefits","Public business event / public disclosures","Publicly acknowledges aggregator status and welfare obligations. Triggers welfare fees, termination protocols, and state-monitored grievance mechanisms.","Workmen's Compensation and Group Personal Accident (GPA)."
"Deploying field sales or logistics teams to high-altitude or severe-climate Tier-3 regions","Employee Benefits","Public business event / public disclosures","Shifts people risk from controlled office environments to geographies with road, disease, climate, and medical access risks.","Group Personal Accident and Group Health Insurance with geographic coverage endorsements."
"Announcing workforce restructuring or downsizing above 15 percent of headcount","Employee Benefits","Public business event / public disclosures","Mass layoffs can lead to wrongful termination, discrimination, contract violation, and board-level litigation.","D&O Liability with robust EPLI extensions."
"Introducing mandatory extreme outdoor activities for team-building events","Employee Benefits","Public business event / public disclosures","Company-sponsored events outside normal office hazards introduce severe bodily injury and fatality risk.","Group Personal Accident and Workmen's Compensation."
"Moving sales teams to heavily commissioned performance-only compensation","Employee Benefits","Public business event / public disclosures","High-pressure compensation models can increase workplace stress, toxic culture claims, unethical sales conduct, and regulatory scrutiny.","D&O with EPLI, plus E&O for mis-selling risks."
"Replacing owned last-mile delivery fleet with second-hand refurbished electric vehicles","Transit and Motor","Public business event / public disclosures","Second-hand EV batteries may have degraded cells, increasing thermal runaway risk during charging or collision and endangering drivers, goods, and public infrastructure.","Commercial Motor Fleet with battery-age underwriting, BIS AIS-156 compliance review, and fire-exclusion scrutiny."
"Moving from centralized Tier-1 logistics provider to fragmented regional 3PL network","Transit and Motor","Public business event / public disclosures","Reduces chain-of-custody visibility and standardization, increasing cargo theft, mishandling, delay, and safety protocol gaps.","Marine Transit / Inland Transit with optimized retentions and higher deductibles."
"Extending B2B credit payment terms from 30 days to 90 days for distributor networks","Transit and Motor","Public business event / public disclosures","Can signal working-capital strain and increases counter-party default exposure over a longer credit window.","Trade Credit Insurance for distributor insolvency or protracted default."
"Deploying customized mobile experience vans for localized experiential marketing","Transit and Motor","Public business event / public disclosures","Combines commercial motor exposure with public footfall and event-like liability around moving assets.","Commercial Motor Fleet and Commercial General Liability (CGL)."
"Piloting autonomous floor-cleaning robots in partner retail environments","Transit and Motor","Public business event / public disclosures","Autonomous machinery in public spaces creates third-party injury and property damage risk from sensor, navigation, or control failure.","Commercial General Liability (CGL) and Product Liability."
"Implementing a hyper-aggressive 10-minute delivery SLA for local perishables","Transit and Motor","Public business event / public disclosures","Aggressive SLAs can pressure gig riders into traffic violations, route shortcuts, and unsafe behavior, increasing road accident and third-party damage frequency.","Commercial Motor Fleet and Group Personal Accident for rider networks."
"Escalation in ODR arbitration ticket volumes","Liability","ONDC Public Registry / DRO Postings","Signifies a systemic breakdown in Level 1 automated grievance redressal. Breaching the 30-day Consumer Protection mandate precipitates regulatory fines and consumer class actions.3","Professional Indemnity / Tech E\&O, Public Liability, I-select Liability"
"Deprecation of legacy custom loan matching algorithms","Liability","GitHub commits / API Changelogs","Suggests forced, reactive compliance with the RBI November 2025 multi-lender impartiality rules. Previous algorithmic bias indicates latent regulatory scrutiny and D\&O exposure.6","D\&O, Financial Services PI, Corporate Cover II"
"UI/UX overhauls removing countdown timers and default opt-ins","Liability","Web scraping of checkout flows","Removal of ""dark patterns"" to comply with strict RBI lending rules.6 Reactive removal implies historical deceptive practices that likely accumulated unresolved consumer complaints.","Tech E\&O, D\&O, Enterprise Secure Package Policy"
"Surge in ""Internal Dispute Resolution Committee"" (IDRC) escalations","Liability","Employee/Gig Worker review sites NLP","High volume of IDRC reviews under the Karnataka Gig Worker Bill indicates severe platform-worker friction, predicting mass mobilization and employment practice litigation.7","Employment Practices Liability, Employers Compensation, Business Shield SME"
"Severe volatility in ONDC Reputation Ledger scoring","Liability","ONDC Network Participant API","A sudden drop in a seller app's reputation score implies systemic fulfillment failures or product quality degradation, serving as a leading indicator of mass product recall or liability claims.5","Product Liability, Public Liability, Merchants Cover III"
"Implementation of dynamic matching and APR disclosures","Liability","DLA (Digital Lending App) APK teardowns","Indicates compliance with RBI rules requiring display of matched/unmatched offers and Annual Percentage Rates.6 Delayed implementation constitutes a critical D\&O and professional indemnity risk.","Financial Services PI, D\&O, Business Shield SME"
"Spikes in unrecorded cash recovery complaints","Liability","Consumer forums / Social media NLP","RBI mandates that physical cash recoveries by LSPs be recorded same-day.6 Complaints signal rogue recovery agents, placing ultimate liability on the partnering Regulated Entity.","Crime / Fidelity, Financial Services PI, D\&O"
"High frequency shifts in designated Dispute Resolution Officers","Liability","LinkedIn / Corporate site scraping","Rapid turnover of DROs appointed for ONDC mediation implies an unmanageable volume of edge-case disputes and toxic corporate governance.3","Tech E\&O, D\&O, Employment Practices Liability"
"Algorithmic vetoes invoked on throttling radius reductions","Liability","Welfare Board public minutes (Karnataka)","Under Karnataka law, the board holds advisory vetoes on algorithmic changes impacting safety (e.g., radius reductions \>20%).8 A public veto signals acute platform safety violations.","Employers Compensation, Public Liability, CGL / I-Elite"
"Discrepancies between advertised and sanctioned loan tenors","Liability","Crowdsourced lending transparency portals","Failure to align the Key Facts Statement (KFS) with final API outputs violates RBI multi-lender disclosure mandates, triggering immediate regulatory intervention.6","Tech E\&O, Financial Services PI, Enterprise Secure Package"
"Surge in Secondary Network Participant ODR opt-outs","Liability","ONDC Network Participant Registry","Entities opting out of ODR mechanisms face network suspension, implying severe impending revenue loss and business interruption.1","Business Interruption, D\&O, Corporate Cover II"
"Delayed DLA reporting to the RBI CIMS portal","Liability","RBI CIMS mismatch notices","Failure by the RE's Chief Compliance Officer to formally certify Digital Lending App compliance by the June 2025 deadline triggers massive statutory liability.6","D\&O, Cyber, Financial Services PI"
"App store rating drops correlated with ""recovery agent"" keyword density","Liability","NLP sentiment analysis of App Stores","Early warning telemetry of LSP aggressive recovery tactics, directly violating RBI outsourcing guidelines and creating absolute RE liability.6","Public Liability, Crime / Fidelity, I-select Liability"
"Unexplained revocation of API access for specific aggregators","Liability","Platform developer portals","Suggests a termination event due to non-compliance with fair practices codes, signaling imminent litigation between Lending Service Providers and Regulated Entities.","Tech E\&O, CGL / I-Elite, MSME Suraksha Kavach"
"Rapid, post-deadline updates to Terms of Service agreements","Liability","Wayback Machine / Legal page monitoring","Reactive legal patching following the enforcement of the RBI multi-lender rules (Nov 2025), indicating deeply flawed prior due diligence.6","D\&O, Professional Indemnity / Tech E\&O"
"Inclusion of ""ODR Binding Arbitration"" clauses in baseline T\&Cs","Liability","T\&C text tracking algorithms","Preemptive legal shielding by ONDC sellers anticipating high dispute volumes under the new grievance policy 3, indicating a high-risk product portfolio.","CGL / I-Elite, Product Liability"
"Spikes in ""impartiality metric"" documentation revisions","Liability","Open API documentation","RBI requires documented, consistent loan matching.6 Frequent, erratic updates suggest the algorithmic methodology is repeatedly failing internal regulatory stress tests.","Financial Services PI, Tech E\&O, Business Shield SME"
"Sudden architectural shifts in LSP fee collection flows","Liability","Fintech payment flow analysis","RBI mandates REs pay LSPs directly; LSPs cannot deduct fees from borrowers.6 Abrupt flow changes indicate prior non-compliance and impending regulatory fines.","Crime / Fidelity, Financial Services PI"
"Revisions to third-party risk disclosure metrics in filings","Liability","Investor presentations / Quarterly results","Fintech NBFCs altering partnership revenue exposure metrics due to RBI restructuring requirements.9 Sudden shifts indicate underlying partnership instability.","D\&O, Trade Credit, Corporate Cover II"
"Disclaimers of ""RBI Endorsement"" suddenly appearing on DLAs","Liability","Web scraping of lending landing pages","Corrective action against misusing Centralised Information Management System (CIMS) reporting to imply RBI backing, a strict violation of the 2025 guidelines.6","Public Liability, Tech E\&O"
"Activation of edge-case ONDC network investigations","Liability","ONDC official publications","ONDC taking over dispute investigation implies the Buyer and Seller Apps failed the 48-hour response and 30-day resolution SLA, exposing both to consumer protection actions.4","Professional Indemnity / Tech E\&O"
"Public notices of DLA delisting by Regulated Entities","Liability","RE official website scraping","REs severing ties with LSPs due to technical or statutory due diligence failures under the new RBI mandate, signaling extreme operational disruption.6","D\&O, Business Interruption, Business Edge Policy"
"Algorithmic changes in penalty charge calculation modules","Liability","Fintech API endpoints","Immediate adjustments to ensure penal charges are displayed accurately in the matched loan view, reacting to RBI disclosure audits.6","Financial Services PI, I-select Liability"
"Spike in conciliation officer appointments","Liability","State Labour Department gazettes","Platforms staffing up rapidly to handle Karnataka Gig Worker Act dispute mandates, preparing for the strict 90-day adjudication limit at Labour Tribunals.8","Employment Practices Liability, CGL / I-Elite"
"Revisions to automated monitoring disclosures in worker apps","Liability","Gig worker app APKs","Aggregators updating how they inform workers about algorithmic decisions to comply with the transparency mandates of the 2025 Karnataka ordinance.11","Tech E\&O, Employers Compensation, Group Safeguard"
"Surge in job postings for ""Consent Manager Integration Specialists""","Cyber & Financial Lines","LinkedIn / Tech hiring boards","Reactive hiring ahead of the November 2026 Consent Manager deadline.13 Indicates a lack of internal readiness for Phase II DPDP compliance, exposing the firm to severe operational bottlenecks.","Cyber, D\&O, Business Shield SME"
"Database synchronization latency metrics exceeding 20 hours","Cyber & Financial Lines","Public cloud status pages / BGP routing","Approaching the strict RBI 24-hour maximum threshold for returning and deleting digital lending data from foreign servers.6 Breaching 24 hours triggers immediate RBI censure.","Cyber, Financial Services PI, Enterprise Secure Package"
"Abrupt implementation of Aadhar/DigiLocker API hooks for age-gating","Cyber & Financial Lines","Mobile app APK analysis","Deployment of verification tools indicates the platform is actively processing children's data, requiring verifiable parental consent to avoid â‚¹200 crore DPDP penalties.17","Cyber, D\&O, Tech E\&O"
"Publication of DPO contact information on corporate homepages","Cyber & Financial Lines","Website footprinting","A regulatory trigger indicating the entity has crossed the threshold into ""Significant Data Fiduciary"" (SDF) status, activating stringent audit and DPIA liabilities.13","Cyber, D\&O, Crime / Fidelity, IAR Policy"
"Spike in third-party DPIA vendor procurements","Cyber & Financial Lines","Public B2B procurement portals","SDFs attempting to rush mandatory annual Data Protection Impact Assessments.19 Rushed, poorly scoped audits highly correlate with missed vulnerabilities and future breaches.","Cyber, Professional Indemnity / Tech E\&O"
"Deprecation of ""Legitimate Use"" processing clauses in Privacy Policies","Cyber & Financial Lines","Version control of legal texts","Indicates a forced shift from GDPR-style broad lawful bases to DPDP's strict consent-driven architecture.15 Points to massive legacy data mapping risks and potential illegal retention.","Cyber, D\&O, CGL / I-Elite"
"Integration of algorithmic fairness assessment modules","Cyber & Financial Lines","Open-source data science libraries","SDFs deploying fairness assessments as mandated by DPDP Rules.17 Failure in these modules invites algorithmic discrimination lawsuits and regulatory intervention.","Tech E\&O, Cyber, Employment Practices Liability"
"Sudden rollout of ""Itemized Consent Notices"" across UI","Cyber & Financial Lines","Web UX tracking","Transitioning to DPDP-compliant multi-lingual (Eighth Schedule) notices.16 Clunky implementation increases withdrawal rates, threatening core data monetization models.","Cyber, Business Interruption, Corporate Cover II"
"Data deletion logic updates hardcoding ""3-year interaction"" triggers","Cyber & Financial Lines","GitHub code commits","E-commerce and social media fiduciaries implementing the mandatory 3-year data deletion rule for inactive users.17 Bugs in this logic lead to illegal data retention.","Cyber, D\&O, Corporate Cover II"
"Implementation of DPB complaint API endpoints","Cyber & Financial Lines","Developer SDKs","Organizations building direct conduits to the Data Protection Board digital grievance portal.14 High API traffic directly signals mass consumer privacy complaints.","Cyber, D\&O, Public Liability"
"Deployment of multi-factor dynamic authentication SDKs","Cyber & Financial Lines","FinTech mobile updates","Rushing to meet the RBI April 1, 2026 deadline for dynamic authentication on non-card-present transactions.20 Integration failures halt transaction processing.","Cyber, Financial Services PI, Crime / Fidelity"
"Mass removal of third-party ad-tracking cookies","Cyber & Financial Lines","Browser extension telemetry","Attempting to mitigate ""targeted advertising directed at children,"" which is explicitly and completely prohibited under the DPDP Act.18","Cyber, D\&O, Tech E\&O"
"Re-permissioning campaigns dispatched to legacy user bases","Cyber & Financial Lines","Email marketing metadata","Sending notices to users to re-establish consent for data collected prior to the DPDP Act enactment.16 Low opt-in rates threaten enterprise valuation and data utility.","D\&O, Business Interruption"
"Activation of ""Right to Nominate"" interface flows","Cyber & Financial Lines","App UI updates","Compliance with the DPDP provision allowing data principals to nominate heirs for data rights in the event of death or incapacity.17 Presents complex data lifecycle management risks.","Cyber, Tech E\&O"
"Data mapping tool integrations applied to legacy enterprise systems","Cyber & Financial Lines","Tech stack intelligence (e.g., BuiltWith)","KPMG identifies incomplete data mapping across legacy systems as a primary transition risk.21 Late integration signals severe blind spots in cross-border data flows.","Cyber, Business Shield SME"
"Public notices of ""Outsourcing Exemption"" restructuring","Cyber & Financial Lines","Corporate legal filings","Indian BPOs restructuring operations to claim exemptions when processing foreign data.15 Misclassification leads to devastating dual-jurisdiction regulatory penalties.","D\&O, Professional Indemnity"
"Sudden strict separation of employee data silos","Cyber & Financial Lines","HR SaaS telemetry","Reacting to DPDP limitations preventing the use of employee data for unrelated commercial purposes without explicit secondary consent.15","Employment Practices Liability, Cyber"
"Spikes in ""72-hour breach"" keyword traffic on legal portals","Cyber & Financial Lines","SEO/Traffic analytics of law firms","Enterprises experiencing a latent data breach seeking rapid legal counsel to avoid the massive â‚¹200 crore non-notification penalty.14","Cyber, Crime / Fidelity, D\&O"
"Removal of ""Dark Patterns"" from consent withdrawal flows","Cyber & Financial Lines","UX dark pattern scanners","Fixing asymmetric consent withdrawal (making it harder to withdraw than to give consent), a strict focus of DPB scrutiny and Phase I enforcement.16","Cyber, Tech E\&O"
"Significant revisions to ISO 27001 data retention schedules","Cyber & Financial Lines","Public certification documents","Aligning retention schedules with DPDP ""purpose-specific timelines"".17 Legacy unstructured data retained beyond its purpose becomes a toxic liability under the new act.","Cyber, D\&O"
"Deployment of non-card-present dynamic tokenization architectures","Cyber & Financial Lines","Payment gateway APIs","Direct compliance with RBI's updated 2025 authentication directions.20 Integration failures immediately disrupt cash flow and trigger Business Interruption.","Financial Services PI, Business Interruption, Enterprise Secure Package"
"Sudden changes to CISO/DPO reporting lines","Cyber & Financial Lines","LinkedIn organizational structure","Elevating the DPO to report directly to the Board of Directors, addressing DPDP accountability scrutiny and mitigating personal D\&O risk.13","D\&O, Employment Practices Liability"
"Sandbox attestation report submission failures","Cyber & Financial Lines","Regulatory sandbox public registers","NBFCs failing to functionally demonstrate compliance for the new digital lending registration category prior to the June 30, 2026 deadline.9","D\&O, Financial Services PI"
"Restructuring of Fintech-Bank liability agreements via MCA filings","Cyber & Financial Lines","MCA (Ministry of Corporate Affairs) data","Explicit liability allocation updates in response to RBI rules. Such restructuring often reduces partnership viability, creating severe short-term revenue volatility.9","D\&O, Trade Credit, Enterprise Secure Package"
"Establishment of 90-day grievance resolution metric trackers","Cyber & Financial Lines","Customer support API headers","Tracking compliance with the DPDP mandate to resolve data grievances within 90 days.14 Overflows inevitably trigger DPB audits and systemic fines.","Cyber, Tech E\&O"
"Disclosures of data transfers to restricted territories","Cyber & Financial Lines","Financial prospectus addendums","Central Government notification of restricted transfer countries forces rapid, costly decoupling of foreign server infrastructure.18","Cyber, D\&O"
"Changes in cross-border card transaction authentication logic","Cyber & Financial Lines","RBI reporting data","Adjusting authentication flows for specified cross-border scenarios under the April 2026 RBI mandate to prevent systemic fraud.20","Cyber, Financial Services PI"
"Implementation of ""Verifiable Deletion"" cryptographic certificates","Cyber & Financial Lines","Cloud provider SLA updates","Data fiduciaries requiring sub-processors to issue verifiable cryptographic proof of deletion upon user consent withdrawal to satisfy DPDP audit requirements.13","Cyber, Tech E\&O"
"High frequency of DPDP ""Phase I"" Board inquiries directed at entity","Cyber & Financial Lines","DPB public dockets","The newly established DPB (Nov 2025\) initiating digital-first inquiries.13 Targets are heavily exposed to impending Phase II fines.","Cyber, D\&O, I-select Liability"
"Public confirmation of Consent Infrastructure vendor choices","Cyber & Financial Lines","Board meeting minutes","KPMG recommends boards finalize consent infrastructure well ahead of the Nov 2026 deadline.21 The absence of this confirmation indicates severe operational paralysis.","D\&O, Business Interruption"
"Quarterly reporting of third-party transaction volumes by NBFCs","Cyber & Financial Lines","Investor relations pages","Enhanced disclosure metrics required by RBI for all NBFC partnerships.9 Sudden drops in these metrics indicate severe compliance-driven volume throttling.","D\&O, Financial Services PI, Corporate Cover II"
"Spike in edge data center colocation bids in Tier 2/3 cities","Property & Engineering","Commercial real estate registries","Rapid procurement of localized servers to comply with RBI's 24-hour foreign data deletion mandate.6 High-speed, under-engineered deployment heightens fire and electronic equipment risks.","Property Fire, Electronic Equipment Insurance, IAR Policy"
"Mismatch between ONDC serviceability radii and GSTN state registration","Property & Engineering","ONDC API / GST Public Search","Seller Apps expanding delivery radii without corresponding state-level GST enrollment.23 Triggers immediate tax investigations, property tax liens, and business interruption.","Business Interruption, Bharat Sookshma, MSME Suraksha Kavach"
"Rejection of DGCA Type Certification for new commercial drone models","Property & Engineering","Digital Sky Portal","Failure to pass structural or NPNT software tests.24 Renders newly manufactured physical inventory unsellable, hitting machinery breakdown and property values.","Engineering CAR/EAR, Product Liability, Drone RPAS"
"Customs import alerts for fully assembled commercial drones (CBU/CKD/SKD)","Property & Engineering","Customs API data","Violation of the DGCA prohibition on importing fully assembled drones (only components are allowed).24 Seizure of physical assets disrupts hardware supply chains.","Marine Cargo, Trade Credit, Marine Transit"
"Expansion of lithium-ion testing facilities for VTOL designs","Property & Engineering","Municipal building permits","DIY/custom builders scaling physical testing to meet DGCA type test data requirements for novel designs.25 Introduces extreme thermal runaway and fire risks to commercial properties.","Property Fire, Machinery Breakdown, Industrial All Risk (IAR)"
"Rapid installation of HVAC and server racks without structural reinforcement","Property & Engineering","Logistics bill of lading NLP","Building local server capacity to process ONDC/RBI data domestically. Poorly planned rapid deployments increase structural, electrical, and fire risks.","Property All Risk, Electronic Equipment, Business Edge Policy"
"Deployment of physical cash processing safes at LSP regional hubs","Property & Engineering","Safe/Vault procurement data","LSPs managing high volumes of physical cash recovery to comply with RBI same-day account recording mandates.6 Creates a concentrated, high-value target for burglary.","Burglary and Housebreaking, Crime / Fidelity, Money Insurance"
"Upgrades to manufacturing lines for hardware-based NPNT modules","Property & Engineering","IoT supply chain tracking","Upgrading drone manufacturing lines to embed mandated NPNT chips.24 Introduces severe transition risk and machinery breakdown exposure during the engineering phase.","Electronic Equipment, Drone RPAS, Engineering CPM"
"Surge in dark store localized GST registrations","Property & Engineering","GSTN daily new registrations","Expanding physical dark store networks specifically to match ONDC buyer app serviceability constraints.23 Increases physical footprint density and aggregate property exposure.","Bharat Laghu Udyam Suraksha, Property Fire, Burglary"
"Aggressive decommissioning of legacy foreign server racks","Property & Engineering","Cloud vendor migration logs","Enterprises tearing down foreign infrastructure to comply with government cross-border transfer restrictions.18 High risk of accidental data destruction during physical hardware transit.","Electronic Equipment, Business Interruption, Marine Cargo"
"Installation of localized verifiable deletion hardware appliances","Property & Engineering","Enterprise IT procurement","Specialized cryptographic hardware required to issue ""verifiable deletion"" certificates for DPDP compliance.13 Failure of these appliances halts data processing.","Electronic Equipment Insurance, IAR Policy"
"Factory floor modifications filed under the expanded PLI Scheme","Property & Engineering","Ministry of Civil Aviation filings","Scaling up drone manufacturing lines to claim a share of the â‚¹2,000 crore PLI outlay (2025â€“28).24 Major EAR/CAR exposure during rapid facility expansion.","Engineering CAR/EAR, Property All Risk, Corporate Cover II"
"Shifts in warehouse storage concentrations for drone component imports","Property & Engineering","Logistics inventory APIs","While assembled drones are banned, component imports surge.24 Shifts in highly flammable component storage (batteries, motors) increase marine cargo and static fire risks.","Marine Cargo, Property Fire, Bharat Sookshma"
"Drone test flight area expansions requesting BVLOS corridors","Property & Engineering","Airspace mapping updates","Companies requesting special corridors for Beyond Visual Line of Sight (BVLOS) testing, escaping standard Micro category VLOS limits.25 Exponentially increases third-party property damage risk.","Public Liability, Drone RPAS, CGL / I-Elite"
"Installation of physical grievance redressal kiosks at retail locations","Property & Engineering","Facilities management logs","Setting up physical channels to comply with the DPDP requirement for accessible grievance mechanisms across demographics.15","Property Fire, Burglary, Merchants Cover III"
"Retrofitting existing commercial drone fleets with DGCA UIN plates","Property & Engineering","Secondary market tracking","Mandatory physical retrofitting for legacy drones to comply with Digital Sky rules.24 Handling errors during retrofitting lead to systemic hardware damage.","Drone RPAS, Machinery Breakdown, Engineering EEI"
"Deployment of IoT sensors for automated ONDC inventory synchronization","Property & Engineering","Warehouse network traffic","Utilizing physical sensors to maintain highly accurate, real-time inventory on the ONDC e-Marketplace.12 Sensor failure causes massive API desync and business interruption.","Electronic Equipment, Business Interruption, Enterprise Secure Package"
"Physical separation of multi-lender processing units via floorplan alterations","Property & Engineering","Floorplan architectural filings","REs physically siloing operations to prove impartiality and prevent data bleed between competing LSPs under RBI rules.6 Modifies building risk profiles.","Property All Risk, Business Shield SME"
"Stockpiling of uncertified drone batteries in secondary warehouses","Property & Engineering","Hazardous materials databases","Holding batteries for drones awaiting lengthy DGCA Type Certification.24 Creates an unmanaged, high-density fire load requiring specialized IAR underwriting.","Property Fire, Industrial All Risk (IAR)"
"Rapid expansion of RPTO (Remote Pilot Training Organization) facilities","Property & Engineering","DGCA list of RPTOs","Building physical training grounds to meet the surge in demand for mandatory Remote Pilot Certificates (RPC).25 High public liability footfall.","Public Liability, Property All Risk, Drone RPAS"
"API integration delays with Karnataka Welfare Board UPI-autopay","Employee Benefits","Payment gateway status logs","Failure to seamlessly remit the 1-2% GMV cess dynamically.8 Missed remittances lead to immediate state penalties and severe B2G blacklisting.","Employers Compensation, D\&O, MSME Suraksha Kavach"
"Discrepancy between GSTN filings and Welfare Board remittances (\>5%)","Employee Benefits","State audit public notices / Tax portals","Triggers the draconian 200% automated penalty on evaded amounts.8 Indicates severe internal accounting failures and massive D\&O and corporate liability.","D\&O, Business Interruption, Directors and Officers Liability"
"Spikes in 30-day KYC failure rates for onboarded gig workers","Employee Benefits","Aggregator onboarding APIs","The Karnataka Act mandates gig worker KYC within 30 days.8 High failure rates imply a transient, unverified workforce, severely elevating Personal Accident and Crime risks.","Group Personal Accident, Crime / Fidelity, Employers Compensation"
"Establishment of ""Internal Dispute Resolution Committees"" (IDRC)","Employee Benefits","Corporate filings / Worker apps","Mandatory for aggregators with \>50 workers under the Karnataka Bill.7 The volume and outcomes of these IDRC cases indicate systemic worker unrest and EPL exposure.","Employment Practices Liability, Employers Compensation, Business Shield SME"
"Sudden rollout of ""Algorithmic Transparency"" worker dashboards","Employee Benefits","Rider/Driver app APK updates","Complying with the mandate to inform workers exactly how automated systems determine fares, ratings, and task allocation.11","Tech E\&O, Employment Practices Liability"
"Public appeals filed at Labour Tribunals regarding platform bans","Employee Benefits","Tribunal docket scraping","Workers utilizing the 90-day adjudication mandate to legally contest permanent algorithmic bans.8 High tribunal volume signals acute EPL and operational risks.","Employment Practices Liability, D\&O, Corporate Cover II"
"Changes in cross-state worker onboarding (Benefit Portability API traffic)","Employee Benefits","National Gig ID API traffic","Karnataka enables benefit portability for the 62% of workers migrating from neighboring states.8 Tracking this models geographic risk concentration for group policies.","Group Health, Group PA, Group Safeguard Insurance"
"Sudden removal of algorithmic ""throttling"" mechanisms","Employee Benefits","App reverse engineering","Platforms adjusting algorithms to avoid the Welfare Board's veto power over safety-impacting changes (e.g., 20% radius reductions).8 Impacts worker safety profiles.","Employers Compensation, Public Liability"
"Disclosures of ""Verification of Parental Consent"" for minor gig workers","Employee Benefits","Delivery app onboarding","Platforms ensuring they do not process data of workers under 18 without parental consent under DPDP rules.15 Failure invites DPB penalties and child labor scrutiny.","Cyber, Employment Practices Liability, CGL"
"Surge in job postings for ""Algorithmic Fairness Auditors""","Employee Benefits","HR portals","Reacting to DPDP Significant Data Fiduciary obligations and gig worker transparency laws simultaneously.17","Employment Practices Liability, D\&O, Cyber"
"Restructuring of payout architectures from Piece-rate to Hourly","Employee Benefits","Financial API flow analysis","Attempting to circumvent ""piece-rate"" definitions within the Gig Worker Act to minimize welfare cess applicability.11 Highly aggressive regulatory evasion risk.","D\&O, Employment Practices Liability, Crime / Fidelity"
"Union/Collectivization chatter mentioning specific State Gig IDs","Employee Benefits","Social media sentiment NLP","Gig workers leveraging their unique IDs provided by the state to organize verifiable digital strikes.11 Predicts massive fulfillment delays.","Business Interruption, Employers Compensation"
"B2G (Business-to-Government) blacklisting notices published","Employee Benefits","Government e-Marketplace (GeM)","Retaliatory mechanism for non-remittance of welfare cess, severing up to 15% of B2G orders.8 Results in an immediate, massive revenue hit.","Business Interruption, D\&O, Corporate Cover II"
"Appeals filed against Aggregators under the Industrial Disputes Act 1947","Employee Benefits","Industrial Disputes Act registries","The Karnataka Bill allows gig workers to seek dispute resolution via the ID Act 7, bridging the gap between gig work and formal employment liability.","Employers Compensation, Employment Practices Liability"
"Suspension of operating licenses under the Shops and Establishments Act","Employee Benefits","Municipal gazettes","Triggered by general non-compliance with the gig worker registration and cess mandates.8","Business Interruption, D\&O, Business Shield SME"
"Rollback of gamified, high-risk incentive structures","Employee Benefits","App UI telemetry","Removing behavioral monitoring tools that conflict with DPDP Act restrictions or are deemed unfair/unsafe by the Gig Welfare Board.8","Tech E\&O, Employment Practices Liability, Employers Compensation"
"Hiring of localized ""Conciliation Officers"" directly by aggregators","Employee Benefits","LinkedIn / Recruitment data","Internal scaling to manage the mandated pre-tribunal dispute resolution process efficiently.8 High hiring volume equals high dispute volume.","Employment Practices Liability"
"Sudden influx of Group Health / Group PA API queries to Insurtechs","Employee Benefits","Insurtech gateway traffic","Platforms seeking secondary open-market coverage to supplement state-board benefits to retain fleet supply in a competitive labor market.","Group Health, Group PA, Group Safeguard Insurance"
"Updates to internal DPO policies regarding gig worker data silos","Employee Benefits","Internal policy leaks/forums","Ensuring DPDP compliance, as gig worker data cannot be repurposed for unrelated commercial activities without specific, itemized consent.15","Cyber, Employment Practices Liability"
"Implementation of mandatory safety training progression modules","Employee Benefits","Driver app progression logs","Addressing the Occupational Health and Safety mandates of the Karnataka Gig Worker Act.12 High training completion failure rates strictly correlate with systemic EC risk.","Employers Compensation, Group PA"
"Withdrawal of platform operations in tier-3 Karnataka districts","Employee Benefits","Service availability maps","Platforms retreating from low-margin geographic areas where the mandatory 1-2% GMV cess renders unit economics negative.8","Business Interruption, D\&O"
"Sudden changes in Key Person insurance procurement patterns","Employee Benefits","Insurtech aggregators","Startups rushing to cover DPOs and Chief Compliance Officers, recognizing their direct personal liability under DPDP and RBI non-compliance rules.6","Key Person, D\&O, Business Shield SME"
"Increases in internal employee grievance tickets regarding data access","Employee Benefits","Internal IT helpdesk metrics","Employees utilizing their new DPDP ""Rights of Data Principals"" to access or correct their HR data.14 Poor handling triggers DPB complaints.","Employment Practices Liability, Cyber"
"High frequency of NPNT (No Permission No Takeoff) log failures","Transit / Motor / Trade","Digital Sky public API / Flight logs","Drone fleets attempting to bypass firmware locks, fly in restricted zones, or operating without valid permissions.24 Extremely high probability of regulatory grounding or crash.","Drone RPAS, Public Liability, Commercial Motor Fleet"
"Revocation of DGCA UIN (Unique Identification Number)","Transit / Motor / Trade","eGCA portal notices","The DGCA deregistering a specific drone or entire fleet for compliance failures.24 Renders the asset legally grounded, destroying transit capacity and supply chains.","Drone RPAS, Business Interruption, Marine Transit"
"Spike in ONDC ""edge-case"" logistics investigations","Transit / Motor / Trade","ONDC Network Policy updates","ONDC directly intervening when Logistics Service Providers and Seller Apps fail to resolve lost/damaged cargo disputes.1 Indicates a breakdown in the transit chain.","Marine Cargo, Trade Credit, Professional Indemnity"
"Increase in Remote Pilot Certificate (RPC) expirations across fleet","Transit / Motor / Trade","Digital Sky RPC Registry","Fleet operators failing to track and renew pilot medicals or skill tests (valid for 5 years).25 Operating with expired RPCs explicitly invalidates underlying aviation insurance.","Drone RPAS, Employers Compensation, Public Liability"
"Sudden shift from Micro to Small category drone UIN registrations","Transit / Motor / Trade","Digital Sky UIN tracking","A platform upgrading its fleet size/weight. Small category drones face dramatically stricter compliance (formal ID, rigorous medicals) and pose higher kinetic energy risks.24","Drone RPAS, Public Liability, CGL / I-Elite"
"Extreme volatility in ONDC Mobility Network daily trip volumes","Transit / Motor / Trade","ONDC official statistics","Spikes or crashes in the ""1 Lakh daily trips"" metric.29 High volatility stresses dynamic routing algorithms, fleet maintenance, and driver fatigue profiles.","Commercial Motor Fleet, Transit, Public Liability"
"Failures in Digital Sky to eGCA portal login migrations","Transit / Motor / Trade","IT support forums / API logs","Companies failing to transition to the new single-window eGCA platform for mandatory D-1 to D-5 forms.26 Causes administrative and operational paralysis.","Business Interruption, Tech E\&O, Drone RPAS"
"Spike in ""Area of Serviceability"" logistics API bounce rates","Transit / Motor / Trade","ONDC API response codes","Logistics providers failing to fulfill orders outside their registered GST boundaries, violating network rules and causing mass order cancellations.23","Marine Cargo, Trade Credit, Merchants Cover III"
"Integration of API-based transit monitoring for strict ""Green Zones""","Transit / Motor / Trade","Drone flight planning software","Fleets strictly restricting themselves to 400ft AGL VLOS operations.25 A positive signal indicating strict compliance, lowering transit and liability risk.","Drone RPAS, Marine Cargo, Enterprise Secure Package"
"Public notices of drone ""self-certification"" rejections","Transit / Motor / Trade","DGCA regulatory announcements","DGCA demanding formal type test data for novel designs (e.g., VTOLs) that were previously operating under trust-based self-certification.25","Machinery Breakdown, Business Interruption, Product Liability"
"Surge in ONDC B2B transaction network cancellations","Transit / Motor / Trade","Network transaction logs","Indicating systemic failure in wholesale logistics delivery within the ONDC network.12 Massively elevates trade credit exposure for sellers.","Trade Credit, Surety, Marine Cargo"
"Deployment of algorithmic routing for physical cash recoveries","Transit / Motor / Trade","LSP logistics APIs","LSPs optimizing physical routes for agents to collect and deposit cash same-day per RBI rules.6 High predictability increases targeted hijacking and transit risks.","Money Insurance, Crime / Fidelity, Transit"
"Bulk RTO (Regional Transport Office) registrations of commercial EVs","Transit / Motor / Trade","Vahan API / RTO public data","A gig platform transitioning from a third-party fragmented fleet to a captive electric fleet. Shifts risk from the gig worker directly to the corporate balance sheet.","Commercial Motor Fleet, Marine Transit, IAR Policy"
"Sudden drop in algorithmic matching efficiency on digital freight corridors","Transit / Motor / Trade","Freight aggregator APIs","Algorithms failing to match loads efficiently. Indicates network inefficiency, delayed transit times, and spoilage risks for temperature-sensitive cargo.","Marine Cargo, Business Interruption, Trade Credit"
"Implementation of DPDP-compliant dashcam facial blurring","Transit / Motor / Trade","Fleet software update logs","Commercial fleets proactively masking civilian faces in transit to avoid DPDP Act fines for unauthorized behavioral monitoring.17","Cyber, Tech E\&O, Commercial Motor Fleet"
"Increases in transit-related DPB (Data Protection Board) complaints","Transit / Motor / Trade","DPB public dockets","Consumers filing complaints about excessive, post-delivery location tracking by logistics and delivery apps.13","Cyber, Tech E\&O, D\&O"
"Adoption of automated GST e-Way bill synchronization via ONDC","Transit / Motor / Trade","Supply chain ERP updates","A positive signal indicating the automation of compliance between ONDC decentralized orders and national transit tax requirements.23","Surety, Trade Credit, Corporate Cover II"
"Reports of hardware manipulation on drone altimeters","Transit / Motor / Trade","Drone repair forums NLP","Operators illegally spoofing hardware to bypass the 120m AGL Digital Sky Green Zone restriction.25 Represents extreme aviation, cyber, and liability risk.","Drone RPAS, Public Liability, Crime / Fidelity"
"Severe delays in foreign drone component customs clearance","Transit / Motor / Trade","Port API / Logistics trackers","Even though drone components are allowed 24, customs aggressively scrutinizing shipments for complete SKD (Semi-Knocked Down) kits. Delays domestic assembly.","Marine Cargo, Business Interruption, Trade Credit"
"Partnership announcements between digital LSPs and captive logistics","Transit / Motor / Trade","Press releases / MCA filings","Digital lenders securing physical asset recovery networks. Creates a high-risk interface between strict financial compliance and physical logistics operations.","Corporate Cover II, Enterprise Secure Package"
"Spike in ""Rule 13"" aerodrome photography permissions requested","Transit / Motor / Trade","DGCA permission logs","Drone operators applying to fly near highly sensitive infrastructure.27 Indicates high-value commercial contracts but massively elevated third-party catastrophic risk.","Drone RPAS, CGL / I-Elite, Public Liability"
"Changes in cross-border marine transit insurance configurations","Transit / Motor / Trade","Insurtech APIs","Platforms adjusting transit coverage to account for extended delays caused by new data-localization driven supply chain realignments.6","Marine Cargo, Trade Credit, MSME Suraksha Kavach"
